{"metadata":{"asset_id":"fdd8d370-2512-441c-8eee-d044f72a67dc","asset_attributes":["data_asset"],"name":"Coffee Bag 2.jpg","asset_type":"data_asset","created_at":"2021-09-26T02:59:20Z","description":"","origin_country":"us","owner_id":"IBMid-550004J5BH","project_id":"543eea48-09a5-4300-9043-880af7c478a4","size":12835,"tags":[],"usage":{"last_update_time":1632625161580,"last_updated_at":"2021-09-26T02:59:21Z"}},"entity":{"data_asset":{"mime_type":"image/jpeg","dataset":false}},"attachments":[{"id":"94433bfb-a97d-4085-8fbc-27774e227040","version":2,"asset_type":"data_asset","name":"Coffee Bag 2.jpg","mime":"image/jpeg","datasource_type":"193a97c1-4475-4a19-b90c-295c4fdc6517","object_key":"Coffee Bag 2.jpg","creator_id":"iam-ServiceId-f49c5558-c247-4983-a04f-7d3c7a3d55da","create_time":1632625161472,"size":12835,"is_remote":false,"is_managed":false,"is_referenced":true,"is_object_key_read_only":false,"is_user_provided_path_key":true,"transfer_complete":true,"is_partitioned":false,"complete_time_ticks":1632625161472,"user_data":{},"test_doc":0,"handle":{"bucket":"coffeedonuts-donotdelete-pr-rmcyj0brq3kykq","location":"us-geo","key":"Coffee Bag 2.jpg","upload_id":"done","max_part_num":1},"usage":{"access_count":0,"last_accessor_id":"iam-ServiceId-f49c5558-c247-4983-a04f-7d3c7a3d55da","last_access_time":1632625161472}}]}
