{"metadata":{"asset_id":"7e86d5b7-9b91-4be6-b81c-75528723eb08","asset_attributes":["data_asset","location_definition"],"name":"Coffee Bag 2.jpg","asset_type":"data_asset","created_at":"2022-06-15T01:23:22Z","description":"","origin_country":"us","owner_id":"IBMid-5500095URP","project_id":"b2ca4db6-75e6-4687-8544-37cb5a726c5f","size":12835,"tags":[],"usage":{"last_update_time":1655256202879,"last_updated_at":"2022-06-15T01:23:22Z"}},"entity":{"data_asset":{"mime_type":"image/jpeg","dataset":false},"location_definition":{"physical_location_code":"DAL","physical_location_code_assigned_by":"iam-ServiceId-f49c5558-c247-4983-a04f-7d3c7a3d55da","physical_location_code_rds_id":"c57cb90f-2126-3800-9c9f-9eab82021cdf","physical_location_code_rds_version":"00002022-0503-4032-8909-133297000000_2","physical_location_code_assignment_method":"INFERRED","physical_location_code_added_on":"1655165414665"}},"attachments":[{"id":"17f9d717-3c26-4fcf-887b-b012468aaba9","version":2,"asset_type":"data_asset","name":"Coffee Bag 2.jpg","mime":"image/jpeg","datasource_type":"193a97c1-4475-4a19-b90c-295c4fdc6517","object_key":"Coffee Bag 2.jpg","creator_id":"iam-ServiceId-f49c5558-c247-4983-a04f-7d3c7a3d55da","create_time":1655256202788,"size":12835,"is_remote":false,"is_managed":false,"is_referenced":true,"is_object_key_read_only":false,"is_user_provided_path_key":true,"transfer_complete":true,"is_partitioned":false,"complete_time_ticks":1655256202788,"user_data":{},"test_doc":0,"handle":{"bucket":"coffeedonut-donotdelete-pr-rqmsne9zrvaewa","location":"us-geo","key":"Coffee Bag 2.jpg","upload_id":"done","max_part_num":1},"usage":{"access_count":0,"last_accessor_id":"iam-ServiceId-f49c5558-c247-4983-a04f-7d3c7a3d55da","last_access_time":1655256202788}}]}
