{"metadata":{"asset_id":"5dff769a-5c09-4f54-a1f6-9c4607bc3449","asset_attributes":["data_asset"],"name":"Donut.jpg","asset_type":"data_asset","created_at":"2021-09-26T02:59:20Z","description":"","origin_country":"us","owner_id":"IBMid-550004J5BH","project_id":"543eea48-09a5-4300-9043-880af7c478a4","size":5039,"tags":[],"usage":{"last_update_time":1632625161415,"last_updated_at":"2021-09-26T02:59:21Z"}},"entity":{"data_asset":{"mime_type":"image/jpeg","dataset":false}},"attachments":[{"id":"27d27a00-8110-4b75-9bac-7274a81a943d","version":2,"asset_type":"data_asset","name":"Donut.jpg","mime":"image/jpeg","datasource_type":"193a97c1-4475-4a19-b90c-295c4fdc6517","object_key":"Donut.jpg","creator_id":"iam-ServiceId-f49c5558-c247-4983-a04f-7d3c7a3d55da","create_time":1632625161272,"size":5039,"is_remote":false,"is_managed":false,"is_referenced":true,"is_object_key_read_only":false,"is_user_provided_path_key":true,"transfer_complete":true,"is_partitioned":false,"complete_time_ticks":1632625161272,"user_data":{},"test_doc":0,"handle":{"bucket":"coffeedonuts-donotdelete-pr-rmcyj0brq3kykq","location":"us-geo","key":"Donut.jpg","upload_id":"done","max_part_num":1},"usage":{"access_count":0,"last_accessor_id":"iam-ServiceId-f49c5558-c247-4983-a04f-7d3c7a3d55da","last_access_time":1632625161272}}]}
