{"metadata":{"asset_id":"3768197d-b351-43c4-bca4-b8ab28c72060","asset_attributes":["data_asset","location_definition"],"name":"Donut.jpg","asset_type":"data_asset","created_at":"2022-06-15T23:33:24Z","description":"","origin_country":"us","owner_id":"IBMid-5500095URP","project_id":"4f3f7fc6-6f10-415c-9c53-170f5c449572","size":5039,"tags":[],"usage":{"last_update_time":1655336005265,"last_updated_at":"2022-06-15T23:33:25Z"}},"entity":{"data_asset":{"mime_type":"image/jpeg","dataset":false},"location_definition":{"physical_location_code":"DAL","physical_location_code_assigned_by":"iam-ServiceId-f49c5558-c247-4983-a04f-7d3c7a3d55da","physical_location_code_rds_id":"c57cb90f-2126-3800-9c9f-9eab82021cdf","physical_location_code_rds_version":"00002022-0503-4032-8909-133297000000_2","physical_location_code_assignment_method":"INFERRED","physical_location_code_added_on":"1655165414519"}},"attachments":[{"id":"0efebbe8-e6d3-4333-8588-faa79a37636b","version":2,"asset_type":"data_asset","name":"Donut.jpg","mime":"image/jpeg","datasource_type":"193a97c1-4475-4a19-b90c-295c4fdc6517","object_key":"Donut.jpg","creator_id":"iam-ServiceId-f49c5558-c247-4983-a04f-7d3c7a3d55da","create_time":1655336005156,"size":5039,"is_remote":false,"is_managed":false,"is_referenced":true,"is_object_key_read_only":false,"is_user_provided_path_key":true,"transfer_complete":true,"is_partitioned":false,"complete_time_ticks":1655336005156,"user_data":{},"test_doc":0,"handle":{"bucket":"coffeedonut-donotdelete-pr-0lexydchegemya","location":"us-geo","key":"Donut.jpg","upload_id":"done","max_part_num":1},"usage":{"access_count":0,"last_accessor_id":"iam-ServiceId-f49c5558-c247-4983-a04f-7d3c7a3d55da","last_access_time":1655336005156}}]}
