{"metadata":{"asset_id":"51eee9b3-82ef-443f-8dbe-c4ab3f4fba64","asset_attributes":["data_asset"],"name":"Coffee.jpg","asset_type":"data_asset","created_at":"2022-06-15T23:36:16Z","origin_country":"us","owner_id":"IBMid-5500095URP","project_id":"4f3f7fc6-6f10-415c-9c53-170f5c449572","size":12835,"usage":{"last_update_time":1655336176650,"last_updated_at":"2022-06-15T23:36:16Z"}},"entity":{"data_asset":{"mime_type":"image/jpeg","dataset":false},"location_definition":{"physical_location_code_assignment_method":"INFERRED","physical_location_code":"DAL","physical_location_code_assigned_by":"IBMid-5500095URP","physical_location_code_added_on":"1655335996091","physical_location_code_rds_version":"00002022-0503-4032-8909-133297000000_2","physical_location_code_rds_id":"c57cb90f-2126-3800-9c9f-9eab82021cdf"}},"attachments":[{"id":"445a828e-e305-4e34-95c6-6cd86303c35b","version":2,"asset_type":"data_asset","name":"Coffee.jpg","mime":"image/jpeg","datasource_type":"193a97c1-4475-4a19-b90c-295c4fdc6517","object_key":"Coffee.jpg","creator_id":"IBMid-5500095URP","create_time":1655336176988,"size":12835,"is_remote":false,"is_managed":false,"is_referenced":true,"is_object_key_read_only":true,"is_user_provided_path_key":true,"transfer_complete":true,"is_partitioned":false,"complete_time_ticks":1655336176988,"user_data":{},"test_doc":0,"handle":{"bucket":"coffeedonut-donotdelete-pr-0lexydchegemya","location":"us-geo","key":"Coffee.jpg","upload_id":"done","max_part_num":1},"usage":{"access_count":0,"last_accessor_id":"IBMid-5500095URP","last_access_time":1655336176988}}]}
