{"metadata":{"asset_id":"c97e9989-ca35-488b-95f1-b8d312bdc206","asset_attributes":["data_asset","location_definition"],"name":"Donut.jpg","asset_type":"data_asset","created_at":"2022-06-15T01:23:22Z","description":"","origin_country":"us","owner_id":"IBMid-5500095URP","project_id":"b2ca4db6-75e6-4687-8544-37cb5a726c5f","size":5039,"tags":[],"usage":{"last_update_time":1655256202675,"last_updated_at":"2022-06-15T01:23:22Z"}},"entity":{"data_asset":{"mime_type":"image/jpeg","dataset":false},"location_definition":{"physical_location_code":"DAL","physical_location_code_assigned_by":"iam-ServiceId-f49c5558-c247-4983-a04f-7d3c7a3d55da","physical_location_code_rds_id":"c57cb90f-2126-3800-9c9f-9eab82021cdf","physical_location_code_rds_version":"00002022-0503-4032-8909-133297000000_2","physical_location_code_assignment_method":"INFERRED","physical_location_code_added_on":"1655165414519"}},"attachments":[{"id":"96031b3e-1cc9-45f8-828f-3f410d3c5935","version":2,"asset_type":"data_asset","name":"Donut.jpg","mime":"image/jpeg","datasource_type":"193a97c1-4475-4a19-b90c-295c4fdc6517","object_key":"Donut.jpg","creator_id":"iam-ServiceId-f49c5558-c247-4983-a04f-7d3c7a3d55da","create_time":1655256202567,"size":5039,"is_remote":false,"is_managed":false,"is_referenced":true,"is_object_key_read_only":false,"is_user_provided_path_key":true,"transfer_complete":true,"is_partitioned":false,"complete_time_ticks":1655256202567,"user_data":{},"test_doc":0,"handle":{"bucket":"coffeedonut-donotdelete-pr-rqmsne9zrvaewa","location":"us-geo","key":"Donut.jpg","upload_id":"done","max_part_num":1},"usage":{"access_count":0,"last_accessor_id":"iam-ServiceId-f49c5558-c247-4983-a04f-7d3c7a3d55da","last_access_time":1655256202567}}]}
