{"metadata":{"asset_id":"e1d6bab8-1cfa-4d8a-bb34-0dd5f231987b","asset_attributes":["notebook"],"name":"Train a simple classifier","asset_type":"notebook","created_at":"2022-06-15T01:23:26Z","description":"","origin_country":"us","owner_id":"IBMid-5500095URP","project_id":"b2ca4db6-75e6-4687-8544-37cb5a726c5f","size":9991,"tags":["notebook"],"usage":{"last_update_time":1655256896980,"last_updated_at":"2022-06-15T01:34:56Z"}},"entity":{"notebook":{"kernel":{"name":"python3","display_name":"Python 3.9","language":"python"},"originates_from":{"type":"file"},"runtime":{"environment":"conda2rt221-b2ca4db6-75e6-4687-8544-37cb5a726c5f"}},"location_definition":{"physical_location_code":"DAL","physical_location_code_assigned_by":"IBMid-5500095URP","physical_location_code_rds_id":"c57cb90f-2126-3800-9c9f-9eab82021cdf","physical_location_code_rds_version":"2fa08e49-224a-4794-8aed-c3f8040e0b6f_0","physical_location_code_assignment_method":"INFERRED","physical_location_code_added_on":"1655256193526"}},"attachments":[{"id":"6c2e0f4f-63e4-4c21-91b3-6f0ce000e4e4","version":2,"asset_type":"notebook","name":"attachment for notebook e1d6bab8-1cfa-4d8a-bb34-0dd5f231987b","description":"attachment for notebook e1d6bab8-1cfa-4d8a-bb34-0dd5f231987b","mime":"application/json","datasource_type":"193a97c1-4475-4a19-b90c-295c4fdc6517","object_key":"notebook/Train_a_simple_classifier_cFiMQszbg.ipynb","creator_id":"IBMid-5500095URP","create_time":1655256206592,"size":9991,"is_remote":false,"is_managed":false,"is_referenced":true,"is_object_key_read_only":false,"is_user_provided_path_key":true,"transfer_complete":true,"is_partitioned":false,"complete_time_ticks":1655256206592,"user_data":{},"test_doc":0,"handle":{"bucket":"coffeedonut-donotdelete-pr-rqmsne9zrvaewa","location":"us-geo","key":"notebook/Train_a_simple_classifier_cFiMQszbg.ipynb","upload_id":"done","max_part_num":1},"usage":{"access_count":2,"last_accessor_id":"IBMid-5500095URP","last_access_time":1655256896979,"last_updater_id":"IBMid-5500095URP","last_update_time":1655256896979}}]}
