{"metadata":{"asset_id":"2d54a1ab-551b-4652-b54f-22645bcadc0b","asset_attributes":["notebook"],"name":"Train a simple classifier","asset_type":"notebook","created_at":"2021-09-26T03:21:02Z","description":"","origin_country":"us","owner_id":"IBMid-550004J5BH","project_id":"543eea48-09a5-4300-9043-880af7c478a4","size":9436,"tags":["notebook"],"usage":{"last_update_time":1632626507765,"last_updated_at":"2021-09-26T03:21:47Z"}},"entity":{"notebook":{"kernel":{"name":"python3","display_name":"Python 3.7","language":"python"},"originates_from":{"type":"blank"},"runtime":{"environment":"conda1py37oce-543eea48-09a5-4300-9043-880af7c478a4"}}},"attachments":[{"id":"4a3f999e-1949-4bff-bcb1-bdcc48914f51","version":2,"asset_type":"notebook","name":"attachment for notebook 2d54a1ab-551b-4652-b54f-22645bcadc0b","description":"attachment for notebook 2d54a1ab-551b-4652-b54f-22645bcadc0b","mime":"application/json","datasource_type":"193a97c1-4475-4a19-b90c-295c4fdc6517","object_key":"notebook/Train_a_simple_classifier_Nncydza3_.ipynb","creator_id":"IBMid-550004J5BH","create_time":1632626463089,"size":9436,"is_remote":false,"is_managed":false,"is_referenced":true,"is_object_key_read_only":false,"is_user_provided_path_key":true,"transfer_complete":true,"is_partitioned":false,"complete_time_ticks":1632626463089,"user_data":{},"test_doc":0,"handle":{"bucket":"coffeedonuts-donotdelete-pr-rmcyj0brq3kykq","location":"us-geo","key":"notebook/Train_a_simple_classifier_Nncydza3_.ipynb","upload_id":"done","max_part_num":1},"usage":{"access_count":0,"last_accessor_id":"IBMid-550004J5BH","last_access_time":1632626463089}}]}
