{"metadata":{"asset_id":"8c751606-cac7-41c2-9a13-45a619bd17db","asset_attributes":["notebook"],"name":"Train a simple classifier","asset_type":"notebook","created_at":"2022-06-15T23:33:26Z","description":"","origin_country":"us","owner_id":"IBMid-5500095URP","project_id":"4f3f7fc6-6f10-415c-9c53-170f5c449572","size":9991,"tags":["notebook"],"usage":{"last_update_time":1655336009436,"last_updated_at":"2022-06-15T23:33:29Z"}},"entity":{"notebook":{"kernel":{"name":"python3","display_name":"Python 3.9","language":"python"},"originates_from":{"type":"file"},"runtime":{"environment":"conda2rt221-4f3f7fc6-6f10-415c-9c53-170f5c449572"}},"location_definition":{"physical_location_code":"DAL","physical_location_code_assigned_by":"IBMid-5500095URP","physical_location_code_rds_id":"c57cb90f-2126-3800-9c9f-9eab82021cdf","physical_location_code_rds_version":"00002022-0503-4032-8909-133297000000_2","physical_location_code_assignment_method":"INFERRED","physical_location_code_added_on":"1655335996091"}},"attachments":[{"id":"ccfb90ec-f147-4a56-9d6b-db2400d0b040","version":2,"asset_type":"notebook","name":"attachment for notebook 8c751606-cac7-41c2-9a13-45a619bd17db","description":"attachment for notebook 8c751606-cac7-41c2-9a13-45a619bd17db","mime":"application/json","datasource_type":"193a97c1-4475-4a19-b90c-295c4fdc6517","object_key":"notebook/Train_a_simple_classifier_cFiMQszbg.ipynb","creator_id":"IBMid-5500095URP","create_time":1655336007123,"size":9991,"is_remote":false,"is_managed":false,"is_referenced":true,"is_object_key_read_only":false,"is_user_provided_path_key":true,"transfer_complete":true,"is_partitioned":false,"complete_time_ticks":1655336007123,"user_data":{},"test_doc":0,"handle":{"bucket":"coffeedonut-donotdelete-pr-0lexydchegemya","location":"us-geo","key":"notebook/Train_a_simple_classifier_cFiMQszbg.ipynb","upload_id":"done","max_part_num":1},"usage":{"access_count":0,"last_accessor_id":"IBMid-5500095URP","last_access_time":1655336007123}}]}
